packet_rate,flow_duration,inter_arrival_time,protocol_distribution,volume,label
48.56,2.414,0.01944,0.736,1710.6,0
40.62,1.555,0.02447,0.03,1663.2,0
52.32,3.082,0.02328,0.65,1533.2,0
43.22,2.402,0.01229,0.006,1209.4,0
55.32,1.773,0.01844,0.957,1647.1,0
47.72,2.689,0.02796,0.604,1832.2,0
55.68,1.743,0.0069,0.379,1317.9,0
32.19,2.198,0.01269,0.577,1095.6,0
49.14,2.353,0.02057,0.08,1745.6,0
50.5,2.729,0.01876,0.365,1919.8,0
45.3,2.75,0.01875,0.648,2200.7,0
45.26,2.306,0.01961,0.379,1322.3,0
64.26,2.453,0.01289,0.843,1340.4,0
51.17,2.144,0.02426,0.268,1552.3,0
55.81,3.661,0.0231,0.655,1317.2,0
32.42,3.176,0.01621,0.247,1560.2,0
42.77,2.353,0.01079,0.399,1175.3,0
56.64,4.201,0.01782,0.047,1492.2,0
60.85,2.947,0.02137,0.064,1196.7,0
25.48,3.628,0.00691,0.861,1354.7,0
65.93,2.558,0.01742,0.267,1161.5,0
46.92,2.312,0.01496,0.954,1631.5,0
55.56,2.225,0.01686,0.913,1499.3,0
55.78,2.194,0.0156,0.153,1185.0,0
50.98,1.879,0.0211,0.001,1137.1,0
49.11,2.589,0.02927,0.832,1234.5,0
48.78,2.662,0.02873,0.086,995.7,0
46.23,2.517,0.02057,0.128,989.9,0
37.52,2.598,0.01904,0.423,2106.1,0
52.96,3.105,0.01958,0.312,1300.5,0
64.48,2.478,0.01441,0.121,1637.4,0
51.44,2.948,0.01693,0.22,1385.7,0
62.74,2.805,0.02143,0.86,2145.8,0
56.65,2.659,0.01831,0.132,1318.1,0
61.96,2.244,0.01137,0.807,1589.8,0
51.65,2.71,0.01524,0.467,1632.2,0
48.04,1.758,0.02226,0.403,1486.4,0
39.42,3.342,0.02003,0.449,1694.9,0
42.87,2.69,0.02001,0.443,2179.8,0
58.14,2.016,0.03807,0.836,1856.8,0
72.41,2.279,0.02175,0.486,1352.7,0
52.29,2.993,0.02455,0.985,1605.5,0
48.33,3.371,0.01496,0.957,1587.8,0
62.73,2.482,0.01943,0.297,1329.4,0
62.9,2.371,0.01199,0.057,1369.5,0
39.79,2.202,0.02176,0.961,1359.7,0
55.62,2.655,0.0138,0.235,1247.0,0
65.34,3.219,0.02016,0.619,1903.0,0
38.43,2.822,0.00844,0.204,1400.0,0
48.44,2.139,0.01408,0.3,1772.7,0
43.26,3.264,0.02497,0.998,1646.2,0
53.9,2.495,0.0209,0.933,1729.2,0
65.07,1.8,0.018,0.834,1628.5,0
46.04,1.841,0.02726,0.008,1465.0,0
53.45,2.115,0.01388,0.134,893.1,0
53.56,2.658,0.01623,0.605,1421.5,0
48.64,2.17,0.0174,0.489,1324.6,0
66.02,1.958,0.02439,0.277,1672.6,0
67.17,2.519,0.01746,0.741,1322.6,0
39.99,2.331,0.02197,0.883,1507.2,0
60.34,2.144,0.02335,0.148,1158.2,0
55.98,2.808,0.02718,0.861,1182.8,0
55.53,2.296,0.02001,0.78,1639.7,0
57.62,2.16,0.0179,0.93,1380.5,0
68.03,1.472,0.02385,0.025,925.1,0
49.24,2.052,0.02816,0.864,1272.5,0
52.93,2.134,0.02056,0.872,1360.4,0
54.47,2.225,0.02226,0.305,1195.5,0
52.02,2.155,0.02324,0.328,1529.1,0
67.19,1.517,0.0187,0.4,1922.5,0
62.31,2.427,0.0223,0.97,1444.7,0
61.12,3.655,0.01977,0.435,1643.0,0
48.83,2.07,0.0153,0.385,1277.8,0
43.2,2.323,0.01993,0.926,1483.1,0
34.52,2.309,0.01962,0.364,1053.5,0
63.37,2.814,0.0179,0.848,1728.0,0
48.4,2.085,0.01814,0.402,1786.3,0
48.52,2.75,0.00958,0.677,1841.4,0
61.33,2.104,0.01802,0.0,1858.8,0
47.56,3.016,0.01361,0.465,1289.3,0
43.52,2.623,0.00939,0.796,1608.2,0
52.04,2.684,0.01295,0.335,1458.8,0
56.95,1.742,0.01834,0.199,1310.7,0
57.41,2.557,0.01038,0.073,1590.9,0
37.89,2.861,0.02264,0.494,1935.2,0
50.55,3.23,0.02833,0.77,1517.4,0
58.25,2.827,0.02565,0.518,2174.9,0
57.2,2.617,0.0232,0.801,1230.0,0
35.29,1.209,0.0099,0.891,1085.5,0
37.89,1.982,0.01058,0.548,1483.0,0
63.18,2.003,0.01618,0.247,1536.8,0
38.95,1.852,0.01304,0.275,1443.8,0
57.25,2.692,0.0194,0.54,1760.9,0
54.68,2.777,0.0173,0.064,1059.1,0
39.54,2.843,0.01706,0.42,1603.1,0
60.95,2.127,0.01669,0.766,942.9,0
49.21,2.537,0.01501,0.853,1902.9,0
59.98,2.35,0.0199,0.603,1123.0,0
51.3,2.846,0.01888,0.336,1528.6,0
45.62,2.041,0.02286,0.128,1789.9,0
48.32,2.419,0.01493,0.027,1738.9,0
46.63,2.289,0.01844,0.379,1523.0,0
52.12,2.932,0.02034,0.752,1207.8,0
53.75,2.168,0.02086,0.539,1529.2,0
59.28,2.5,0.01488,0.652,1076.6,0
50.65,1.278,0.02032,0.152,1557.8,0
60.44,3.03,0.01677,0.699,1417.7,0
50.64,2.199,0.01351,0.115,1189.2,0
60.91,1.328,0.02089,0.312,1543.0,0
38.89,1.369,0.01369,0.076,1787.4,0
44.88,1.846,0.0269,0.85,1808.4,0
45.9,2.35,0.02869,0.347,1446.9,0
41.34,2.709,0.01543,0.85,1489.7,0
52.07,2.288,0.02689,0.829,1396.0,0
47.17,1.984,0.01868,0.27,725.6,0
54.44,1.92,0.01468,0.731,1533.2,0
47.75,3.47,0.02103,0.882,1388.3,0
50.43,3.059,0.01625,0.029,1312.9,0
53.75,2.245,0.02211,0.34,2021.3,0
61.35,1.969,0.01988,0.948,1542.3,0
63.7,2.909,0.0116,0.691,1536.2,0
42.93,2.039,0.02059,0.222,1372.2,0
46.94,2.101,0.01507,0.531,1333.5,0
35.23,2.873,0.01621,0.271,1908.4,0
49.96,2.754,0.02089,0.536,1641.6,0
50.49,2.181,0.02121,0.725,1837.5,0
62.06,2.411,0.01953,0.194,1635.1,0
50.89,2.811,0.02616,0.274,1532.9,0
62.53,2.398,0.01916,0.868,1352.5,0
29.73,2.558,0.01497,0.44,1348.4,0
51.3,2.649,0.02531,0.822,1376.3,0
46.82,2.615,0.01886,0.149,1427.6,0
42.14,2.336,0.02251,0.764,1494.2,0
36.11,1.952,0.02093,0.451,1860.6,0
31.43,2.849,0.02426,0.621,1484.0,0
37.33,1.978,0.02323,0.211,1433.8,0
46.88,2.253,0.02091,0.003,1605.2,0
37.22,2.705,0.01907,0.707,1710.4,0
46.8,1.974,0.01565,0.788,871.1,0
39.6,1.98,0.02481,0.545,1372.2,0
36.89,1.625,0.02089,0.166,1397.6,0
44.11,3.277,0.01626,0.124,1395.7,0
44.17,1.781,0.02551,0.494,1375.4,0
52.5,2.569,0.01599,0.25,1609.6,0
71.47,3.194,0.02336,0.951,1163.3,0
64.94,2.498,0.01982,0.756,1585.3,0
35.73,2.634,0.02273,0.585,1404.5,0
42.29,2.064,0.02388,0.333,1650.5,0
40.5,1.634,0.0163,0.288,1904.7,0
67.25,2.191,0.01476,0.315,1397.7,0
38.22,3.687,0.01505,0.988,1704.3,0
43.14,1.977,0.01724,0.362,1600.3,0
50.57,1.8,0.02021,0.549,1298.0,0
59.65,2.264,0.01919,0.973,1355.3,0
44.27,2.266,0.02344,0.552,1818.4,0
75.98,3.362,0.02475,0.117,1326.4,0
55.8,1.989,0.01876,0.273,1150.1,0
64.22,1.293,0.02025,0.384,1879.5,0
60.51,2.219,0.02725,0.276,1087.9,0
52.58,1.999,0.02545,0.821,1356.6,0
48.27,2.912,0.00423,0.49,924.7,0
57.4,3.0,0.01643,0.543,1814.2,0
41.53,2.622,0.02291,0.572,1929.9,0
51.78,3.36,0.02795,0.705,1634.3,0
53.72,2.042,0.01522,0.981,1023.6,0
47.25,2.504,0.01332,0.87,1494.2,0
57.58,2.117,0.01455,0.722,1446.2,0
37.69,2.891,0.02318,0.969,1778.6,0
41.89,3.152,0.01425,0.852,1026.1,0
56.2,2.122,0.01676,0.759,1936.5,0
51.88,2.403,0.02642,0.921,1676.6,0
66.57,2.487,0.01792,0.634,1555.1,0
57.54,2.111,0.01627,0.046,891.1,0
52.38,2.101,0.01802,0.531,1619.1,0
33.76,2.143,0.02098,0.871,1606.6,0
44.58,2.246,0.02237,0.461,1413.2,0
49.81,2.884,0.02902,0.901,1532.0,0
47.42,2.237,0.0157,0.588,1598.9,0
43.25,2.097,0.01999,0.199,2079.6,0
41.4,2.881,0.02052,0.575,1889.5,0
58.36,2.481,0.02726,0.274,1439.3,0
36.07,2.194,0.01995,0.606,1404.9,0
28.35,2.522,0.01798,0.607,2023.5,0
41.47,3.069,0.01454,0.721,1189.1,0
39.69,1.697,0.01251,0.646,1032.1,0
46.1,3.003,0.01288,0.09,1266.5,0
45.36,3.296,0.0212,0.539,1642.6,0
62.11,2.39,0.02806,0.257,1207.7,0
55.19,1.989,0.02288,0.339,1033.9,0
69.23,3.35,0.02826,0.86,2104.8,0
45.49,1.12,0.02884,0.366,1389.3,0
50.42,2.419,0.01464,0.673,1424.7,0
43.79,1.915,0.02522,0.108,860.2,0
50.23,2.612,0.02479,0.915,1243.9,0
50.65,2.678,0.0249,0.302,912.1,0
45.4,2.649,0.02402,0.493,1415.3,0
67.12,3.099,0.02362,0.67,1748.3,0
48.96,1.293,0.01281,0.155,1740.4,0
46.07,2.616,0.01489,0.952,1520.6,0
59.42,2.598,0.00851,0.855,1756.2,0
62.34,2.945,0.00673,0.359,1271.6,0
44.8,2.694,0.02698,0.455,1904.4,0
42.53,1.889,0.01915,0.787,1464.3,0
50.21,2.759,0.01827,0.765,1455.4,0
51.86,2.836,0.02305,0.148,1304.5,0
50.61,2.478,0.02176,0.13,1369.7,0
49.97,2.81,0.01939,0.015,1441.9,0
51.83,2.143,0.01862,0.052,1666.1,0
49.36,1.89,0.01985,0.778,1158.9,0
45.21,2.48,0.00795,0.043,1482.6,0
54.16,1.518,0.01452,0.964,1455.4,0
60.6,2.713,0.0138,0.49,1764.7,0
53.3,2.395,0.02598,0.066,1699.7,0
47.78,3.199,0.01577,0.995,1420.4,0
39.21,2.395,0.0182,0.702,1415.7,0
58.73,1.921,0.02095,0.215,1024.2,0
43.13,2.608,0.01709,0.416,1779.6,0
58.72,2.797,0.01754,0.153,1249.8,0
53.3,2.413,0.02109,0.097,1384.4,0
48.71,1.588,0.01377,0.562,1361.7,0
47.55,2.724,0.01552,0.75,1853.1,0
60.8,1.911,0.02664,0.352,1419.8,0
43.9,2.337,0.01803,0.108,1321.9,0
55.4,2.105,0.02052,0.807,1109.3,0
65.25,1.38,0.02287,0.643,1124.0,0
72.69,2.689,0.02189,0.18,1292.2,0
47.48,2.089,0.0197,0.87,1528.1,0
40.75,2.295,0.02445,0.031,1830.5,0
49.83,2.152,0.016,0.37,1632.2,0
46.93,1.648,0.01808,0.053,1447.9,0
57.62,3.079,0.01817,0.662,1287.7,0
39.24,2.549,0.01878,0.114,1997.8,0
42.62,2.674,0.01749,0.667,1188.0,0
59.62,2.641,0.0195,0.301,1478.2,0
51.31,2.764,0.01985,0.008,1767.4,0
49.88,2.189,0.01431,0.5,1819.9,0
59.06,1.716,0.02894,0.042,1761.1,0
72.38,2.632,0.02424,0.573,1200.6,0
47.38,1.997,0.02077,0.325,1540.8,0
54.4,1.842,0.02554,0.088,913.7,0
54.18,2.191,0.01483,0.396,1306.3,0
46.63,2.923,0.01849,0.51,1657.8,0
59.01,2.892,0.02385,0.727,1345.0,0
57.71,1.666,0.02024,0.197,1668.2,0
36.48,1.993,0.01825,0.773,1344.7,0
33.25,2.531,0.02034,0.924,1173.1,0
36.95,2.22,0.01291,0.627,1077.3,0
52.19,2.653,0.01603,0.275,1590.5,0
61.17,2.706,0.01797,0.057,1805.6,0
51.96,2.326,0.02647,0.615,1055.7,0
38.86,2.475,0.01165,0.896,1322.1,0
32.68,2.783,0.01745,0.476,1284.4,0
52.09,2.645,0.02852,0.343,1889.0,0
47.36,1.922,0.02176,0.438,1700.1,0
38.71,2.726,0.02262,0.283,1743.5,0
42.36,2.746,0.01279,0.647,1194.5,0
54.08,2.59,0.01822,0.724,1279.1,0
37.94,1.594,0.02315,0.583,1306.9,0
55.85,2.86,0.02758,0.392,1406.4,0
30.5,1.837,0.01822,0.792,1771.5,0
55.76,1.813,0.0239,0.685,1067.7,0
35.79,2.381,0.0158,0.363,1631.6,0
52.95,2.814,0.02546,0.227,1388.2,0
52.6,2.652,0.02129,0.771,1385.1,0
60.57,1.608,0.0244,0.766,1563.9,0
56.61,2.857,0.02494,0.771,1982.1,0
52.18,2.22,0.01525,0.676,1617.8,0
50.85,3.04,0.01819,0.449,1986.5,0
41.59,2.409,0.02203,0.835,1185.1,0
33.64,3.395,0.02554,0.282,1467.4,0
40.98,2.914,0.02901,0.801,1383.7,0
54.89,2.79,0.01357,0.555,1026.5,0
65.46,3.081,0.02243,0.763,1302.2,0
46.9,3.574,0.02322,0.946,1757.2,0
51.91,3.039,0.01932,0.053,1556.5,0
42.67,2.495,0.02484,0.028,1490.0,0
67.34,2.097,0.0148,0.138,1070.4,0
45.68,3.416,0.01909,0.706,1345.3,0
49.03,2.516,0.02338,0.835,1610.1,0
34.63,2.257,0.01761,0.288,1474.7,0
49.01,2.648,0.01222,0.457,1757.4,0
66.65,3.196,0.01925,0.515,1468.8,0
50.28,2.778,0.01376,0.241,1678.2,0
37.21,2.87,0.03164,0.068,1916.7,0
38.26,2.403,0.02634,0.39,1472.1,0
36.04,2.633,0.0238,0.016,1472.7,0
52.2,2.054,0.01925,0.772,1080.4,0
49.16,2.052,0.02604,0.814,1603.7,0
57.88,3.274,0.01248,0.632,1602.0,0
51.36,2.333,0.02091,0.293,1172.6,0
56.42,2.591,0.03124,0.515,1681.7,0
62.49,2.457,0.01983,0.191,2001.8,0
39.15,3.182,0.02299,0.124,1298.8,0
35.82,3.274,0.01955,0.387,864.1,0
61.55,2.404,0.00864,0.519,1510.6,0
55.09,1.735,0.02597,0.822,1693.9,0
41.55,2.376,0.02644,0.306,1712.7,0
41.58,2.183,0.01828,0.042,1240.5,0
56.38,2.16,0.02401,0.98,1497.2,0
53.74,2.437,0.01691,0.801,1283.2,0
39.4,1.384,0.02427,0.781,1820.7,0
53.64,2.54,0.02085,0.383,1218.0,0
37.57,2.221,0.01474,0.372,840.0,0
51.07,1.849,0.01505,0.65,1444.4,0
50.01,2.745,0.01947,0.387,1148.7,0
42.79,2.353,0.01965,0.996,1825.5,0
45.06,3.586,0.01745,0.853,1508.5,0
29.57,2.818,0.01798,0.682,1543.5,0
54.96,2.138,0.01895,0.542,1590.0,0
65.15,1.884,0.01728,0.638,832.7,0
53.23,1.926,0.02242,0.139,1638.8,0
50.58,2.388,0.01548,0.804,1404.2,0
36.96,2.281,0.02369,1.0,1633.1,0
47.63,1.901,0.02112,0.074,945.4,0
64.12,2.376,0.01282,0.345,1640.0,0
62.54,1.896,0.01798,0.966,1353.7,0
29.96,2.952,0.02242,0.153,1552.7,0
54.51,2.879,0.01884,0.941,1232.5,0
65.28,1.907,0.01997,0.551,1926.0,0
56.0,2.801,0.01422,0.169,1426.0,0
55.4,2.396,0.01567,0.605,1097.5,0
57.07,1.962,0.02055,0.045,1435.9,0
41.73,1.991,0.01503,0.417,1083.6,0
42.46,2.05,0.01712,0.957,1322.2,0
32.03,2.597,0.01833,0.073,1268.7,0
60.01,2.698,0.01664,0.607,1520.0,0
43.9,3.235,0.01902,0.975,907.2,0
56.55,2.852,0.01594,0.466,1400.6,0
49.17,2.875,0.0234,0.384,1642.0,0
44.34,2.25,0.02195,0.327,1367.5,0
42.35,2.297,0.02048,0.515,1148.9,0
41.41,2.503,0.03192,0.505,1604.9,0
56.81,2.428,0.01903,0.495,1577.1,0
60.77,2.009,0.0139,0.847,1568.4,0
31.23,2.935,0.0188,0.366,995.4,0
39.46,2.88,0.02216,0.074,1858.0,0
33.0,2.477,0.01721,0.68,2386.1,0
69.95,3.423,0.01301,0.339,1830.2,0
65.55,2.186,0.02188,0.5,1839.7,0
55.21,2.576,0.01718,0.457,1794.7,0
40.55,2.127,0.01676,0.163,1864.8,0
66.37,2.452,0.01862,0.828,1758.8,0
34.62,2.342,0.01717,0.368,2025.0,0
37.12,1.259,0.01228,0.725,1231.2,0
49.12,2.392,0.0071,0.783,1624.6,0
52.15,1.852,0.01882,0.171,1109.3,0
40.42,1.996,0.02153,0.681,1357.4,0
73.86,2.74,0.02075,0.314,1537.4,0
58.89,3.124,0.0127,0.921,1776.6,0
61.38,1.915,0.02252,0.207,1562.4,0
43.31,3.156,0.01572,0.173,1458.5,0
57.79,2.26,0.01476,0.721,1909.0,0
40.45,1.898,0.01748,0.247,1375.0,0
43.33,2.373,0.02414,0.289,1457.3,0
54.14,3.253,0.01811,0.934,1753.6,0
52.25,2.116,0.02542,0.38,1812.4,0
68.33,2.385,0.02867,0.29,1347.5,0
46.29,3.269,0.01692,0.256,1766.6,0
43.34,2.544,0.00871,0.696,1332.6,0
59.0,3.025,0.01681,0.67,1384.0,0
36.02,2.362,0.02489,0.717,1600.3,0
63.85,3.007,0.02632,0.929,1512.3,0
30.5,3.146,0.02411,0.199,1263.5,0
58.58,2.401,0.01336,0.089,980.0,0
38.94,2.222,0.01803,0.913,805.3,0
59.38,3.422,0.02505,0.997,2101.7,0
40.67,2.853,0.03179,0.926,1202.3,0
50.98,2.452,0.01783,0.983,1440.8,0
43.52,3.968,0.01438,0.939,1405.9,0
56.66,2.048,0.02086,0.162,1637.3,0
42.54,2.598,0.02319,0.791,1951.2,0
34.68,2.152,0.02444,0.897,2027.2,0
55.6,1.967,0.02636,0.185,1731.3,0
55.61,2.842,0.02005,0.236,1733.2,0
50.59,1.259,0.01743,0.011,1955.2,0
41.26,1.868,0.02232,0.307,1557.3,0
40.21,2.831,0.02616,0.311,1213.5,0
66.48,3.249,0.01807,0.219,1897.8,0
53.85,2.715,0.0199,0.416,1090.7,0
39.25,2.328,0.01282,0.218,1396.5,0
50.27,3.338,0.02144,0.447,1411.3,0
48.84,2.307,0.01836,0.548,1458.0,0
36.97,2.478,0.02262,0.52,1716.3,0
55.05,2.726,0.01811,0.51,1434.6,0
53.96,1.987,0.0145,0.058,1472.4,0
32.37,2.712,0.01916,0.816,1203.0,0
49.65,1.843,0.02441,0.064,1577.4,0
73.34,2.457,0.03057,0.032,1793.7,0
35.61,2.964,0.02137,0.646,673.6,0
22.42,3.254,0.01254,0.907,1907.6,0
39.24,3.034,0.01672,0.654,1182.4,0
46.39,2.756,0.01403,0.728,1414.6,0
50.14,2.541,0.02417,0.673,1536.0,0
38.16,2.33,0.02168,0.346,1297.4,0
46.22,3.662,0.01962,0.809,1355.0,0
35.1,2.914,0.02066,0.206,1464.5,0
52.11,2.577,0.01363,0.049,1230.4,0
49.4,1.994,0.02034,0.864,1709.0,0
61.1,2.706,0.01775,0.732,2035.1,0
44.34,3.113,0.01794,0.302,1266.8,0
59.13,3.076,0.02076,0.061,1749.4,0
69.51,2.173,0.02596,0.427,1278.1,0
23.23,2.537,0.02696,0.786,1339.4,0
45.66,2.971,0.02288,0.754,1735.1,0
30.81,2.661,0.01754,0.806,1946.7,0
61.06,2.172,0.02625,0.134,1423.0,0
50.3,2.837,0.01317,0.847,959.8,0
63.42,2.941,0.02144,0.674,1720.8,0
33.77,1.887,0.02321,0.724,1970.2,0
39.35,2.294,0.02307,0.957,1302.6,0
73.42,2.613,0.02243,1.0,1464.6,0
42.61,2.549,0.01732,0.915,1376.2,0
33.63,2.222,0.01548,0.359,1752.5,0
49.13,3.098,0.01772,0.981,1502.3,0
31.21,2.682,0.02413,0.414,1352.0,0
43.47,2.365,0.02236,0.935,1685.1,0
40.86,2.252,0.02257,0.38,1719.5,0
55.88,1.991,0.01571,0.257,1123.6,0
61.33,1.326,0.01635,0.168,1229.2,0
51.7,2.208,0.01893,0.917,1158.7,0
36.17,2.313,0.02122,0.847,1528.4,0
63.98,2.249,0.02046,0.843,1191.9,0
51.82,3.278,0.02593,0.373,1520.4,0
39.06,2.0,0.01573,0.488,1269.6,0
62.66,2.526,0.02612,0.275,1527.4,0
51.84,2.487,0.02289,0.806,1085.7,0
54.01,2.372,0.02234,0.192,1596.9,0
31.88,2.348,0.01945,0.373,1799.9,0
39.28,2.859,0.02357,0.684,1486.8,0
58.4,1.905,0.02531,0.094,1106.1,0
40.79,2.936,0.02065,0.171,1514.3,0
39.33,2.5,0.02138,0.858,1121.5,0
60.12,2.846,0.02332,0.868,1554.6,0
58.64,2.131,0.02188,0.926,1534.0,0
60.38,2.119,0.03125,0.314,1641.5,0
62.91,2.341,0.02011,0.398,1026.2,0
55.27,2.638,0.02057,0.389,2068.1,0
57.15,2.228,0.0201,0.988,1335.4,0
48.09,1.918,0.02164,0.437,1484.0,0
54.83,2.113,0.02148,0.397,758.6,0
50.36,2.379,0.01771,0.491,2429.5,0
35.32,3.437,0.01314,0.661,1688.0,0
61.92,2.856,0.02235,0.082,1047.4,0
58.93,3.15,0.01453,0.317,1133.1,0
50.8,2.532,0.01831,0.27,1764.6,0
54.34,2.738,0.01397,0.408,1620.6,0
59.22,2.577,0.02563,0.324,1723.6,0
43.76,2.774,0.0184,0.901,1581.8,0
72.9,1.724,0.01726,0.381,1420.1,0
55.44,2.824,0.01819,0.435,1504.7,0
39.88,2.774,0.02337,0.247,1606.2,0
40.51,2.025,0.0208,0.305,1634.4,0
58.53,2.358,0.01343,0.33,1128.7,0
40.67,3.292,0.02859,0.136,873.1,0
39.58,3.595,0.02132,0.965,1748.2,0
58.14,2.419,0.01803,0.576,1172.0,0
50.46,2.985,0.02203,0.114,1226.0,0
37.67,2.238,0.01274,0.55,1371.6,0
60.65,2.338,0.01861,0.291,1188.7,0
43.5,1.635,0.02145,0.499,1204.8,0
45.02,2.223,0.0157,0.789,1100.7,0
77.34,3.185,0.01498,0.507,1539.5,0
63.46,2.132,0.01149,0.36,1356.3,0
59.83,2.121,0.01864,0.769,1403.5,0
44.86,2.108,0.01909,0.984,1428.0,0
45.55,2.046,0.02022,0.43,720.9,0
57.72,2.526,0.01397,0.581,1475.7,0
40.33,2.253,0.01333,0.589,1826.1,0
40.8,2.499,0.02232,0.416,1521.7,0
54.82,2.441,0.02257,0.312,1439.6,0
43.46,2.594,0.01435,0.438,1536.5,0
47.12,2.086,0.01717,0.115,2019.9,0
58.43,1.913,0.01868,0.984,1338.7,0
50.24,2.809,0.02343,0.958,1824.7,0
51.16,3.006,0.02286,0.432,1893.2,0
63.57,2.626,0.02218,0.389,1880.0,0
48.1,2.174,0.02013,0.063,954.4,0
66.27,3.105,0.02171,0.458,1745.8,0
48.45,3.493,0.01297,0.597,1425.8,0
39.82,2.072,0.01442,0.617,1973.5,0
56.1,1.78,0.01797,0.085,1895.9,0
53.34,2.687,0.01892,0.693,1679.3,0
39.62,2.465,0.02319,0.186,1724.9,0
39.87,1.922,0.00688,0.555,481.6,0
44.51,2.518,0.01784,0.054,1801.9,0
49.12,2.554,0.02601,0.964,1917.0,0
38.32,2.48,0.01793,0.84,1214.8,0
45.86,2.515,0.0283,0.292,1597.8,0
48.07,3.113,0.02272,0.743,1788.9,0
51.26,1.872,0.02187,0.775,1596.5,0
54.25,2.072,0.02064,0.719,1421.5,0
21.0,2.065,0.02753,0.751,1838.9,0
38.73,4.323,0.0156,0.817,1586.3,0
20.35,3.097,0.02059,0.811,1282.2,0
42.09,2.256,0.01827,0.166,1088.2,0
54.36,2.761,0.02047,0.351,1601.1,0
47.59,3.11,0.01652,0.289,1918.9,0
47.85,3.482,0.02751,0.095,1458.8,0
67.07,2.297,0.03365,0.867,1041.6,0
64.01,3.217,0.02002,0.828,1973.0,0
51.08,1.751,0.01345,0.269,1526.1,0
40.59,2.781,0.01312,0.093,1040.0,0
41.96,2.46,0.02442,0.95,1387.9,0
49.67,2.531,0.02123,0.731,1018.2,0
35.73,2.691,0.01886,0.534,1584.4,0
52.13,3.019,0.02094,0.828,1730.5,0
43.12,3.059,0.01473,0.344,1360.4,0
48.7,2.356,0.02709,0.46,1807.5,0
64.03,3.195,0.01983,0.958,1504.0,0
54.51,3.23,0.0249,0.159,1820.4,0
57.3,2.336,0.01786,0.372,1312.0,0
54.95,2.329,0.0166,0.699,1655.3,0
51.45,3.226,0.01993,0.477,1486.6,0
54.81,2.765,0.01971,0.696,1462.9,0
62.19,1.141,0.01765,0.071,1574.9,0
37.98,3.043,0.02347,0.881,1656.1,0
61.22,3.154,0.02005,0.993,1339.7,0
57.67,2.981,0.02724,0.44,1523.1,0
47.58,1.807,0.02299,0.687,1751.6,0
52.71,2.336,0.02674,0.59,1795.8,0
30.82,3.356,0.01892,0.277,1651.3,0
60.96,2.821,0.01447,0.779,1258.8,0
42.91,1.597,0.01769,0.518,1286.7,0
33.43,2.45,0.01953,0.898,1596.4,0
61.22,2.336,0.02447,0.594,1729.7,0
22.86,2.256,0.03162,0.132,1442.4,0
58.31,2.003,0.01497,0.763,1840.3,0
66.46,2.258,0.02186,0.262,1511.7,0
53.42,2.544,0.02145,0.629,1154.2,0
39.64,2.497,0.01938,0.537,1381.2,0
43.99,2.231,0.0178,0.203,1833.9,0
54.42,1.921,0.01451,0.835,1769.7,0
48.45,2.332,0.01744,0.846,1039.6,0
53.97,2.576,0.01496,0.609,1631.9,0
44.01,3.266,0.01985,0.708,1348.9,0
48.21,2.215,0.02582,0.783,1393.8,0
48.9,2.203,0.02609,0.269,1874.2,0
62.99,1.938,0.02892,0.272,1599.8,0
64.53,2.808,0.01823,0.455,1444.3,0
42.49,2.953,0.01563,0.255,1382.8,0
60.43,2.893,0.01939,0.509,1287.1,0
69.18,2.772,0.02019,0.383,1838.7,0
63.59,3.436,0.02397,0.914,1202.9,0
49.39,1.98,0.01774,0.72,1780.1,0
49.46,2.7,0.01588,0.902,1753.9,0
57.76,3.316,0.03233,0.069,1413.2,0
42.05,2.589,0.0225,0.553,1278.9,0
56.68,2.517,0.01608,0.623,1400.3,0
36.96,2.65,0.0114,0.195,1521.5,0
63.71,2.005,0.02002,0.41,1533.9,0
50.98,2.959,0.02546,0.951,980.4,0
64.63,2.507,0.0247,0.104,1107.0,0
42.75,2.431,0.01824,0.997,1505.3,0
48.95,2.285,0.02939,0.52,1196.2,0
47.07,2.04,0.02208,0.096,1479.9,0
62.38,3.189,0.02577,0.435,1676.0,0
57.17,2.418,0.0197,0.801,1760.3,0
45.03,1.723,0.01835,0.075,1717.5,0
55.09,3.332,0.0175,0.164,1411.5,0
40.02,2.608,0.0074,0.208,1326.4,0
47.19,2.866,0.02214,0.686,1620.2,0
57.13,1.815,0.0292,0.328,1643.0,0
56.35,2.705,0.0163,0.677,1783.5,0
48.05,4.026,0.02499,0.452,1559.3,0
49.91,2.121,0.01123,0.14,1627.9,0
68.78,2.571,0.02263,0.824,1482.6,0
40.2,3.007,0.01594,0.259,1187.2,0
50.81,2.403,0.02992,0.443,1755.1,0
64.98,3.285,0.02215,0.043,1263.5,0
44.12,2.574,0.0117,0.395,1250.6,0
64.9,2.64,0.02162,0.187,1684.5,0
46.13,3.518,0.02678,0.246,1590.0,0
47.12,2.995,0.01832,0.28,1466.7,0
54.34,2.753,0.02457,0.631,1257.0,0
55.73,1.657,0.02871,0.359,1465.2,0
38.93,2.341,0.02504,0.388,1315.1,0
53.74,2.896,0.02206,0.779,2125.9,0
78.82,3.056,0.01161,1.0,1405.9,0
54.53,2.463,0.01783,0.816,1303.1,0
52.94,2.416,0.02352,0.847,1495.2,0
52.75,2.053,0.02514,0.176,1009.2,0
34.86,2.003,0.01642,0.028,871.1,0
42.58,1.344,0.01407,0.188,1349.8,0
70.6,2.422,0.01571,0.49,1512.6,0
56.14,2.695,0.02119,0.001,1859.8,0
55.83,2.335,0.02542,0.919,1848.5,0
54.94,2.133,0.02658,0.917,1554.7,0
52.95,1.543,0.02815,0.374,914.3,0
59.37,2.321,0.02341,0.136,1650.8,0
63.38,3.519,0.02331,0.649,763.1,0
62.07,3.67,0.01601,0.787,853.2,0
52.23,3.157,0.02193,0.688,1729.1,0
61.25,3.08,0.03156,0.392,1268.8,0
75.9,2.453,0.02665,0.921,1582.3,0
56.92,2.428,0.00924,0.141,1217.9,0
49.78,2.132,0.02301,0.885,1479.9,0
63.33,2.916,0.0133,0.447,1019.9,0
49.28,2.877,0.02351,0.108,1595.5,0
59.88,2.504,0.01856,0.885,713.6,0
40.25,2.521,0.01778,0.479,1460.4,0
547.65,0.391,0.00189,0.074,89.0,1
523.66,0.431,0.00148,0.074,144.7,1
523.34,0.585,0.00193,0.898,75.0,1
555.97,0.574,0.00157,0.031,85.0,1
528.08,0.479,0.00222,0.101,92.5,1
508.95,0.562,0.00174,0.73,69.7,1
496.11,0.581,0.00201,0.572,106.4,1
515.45,0.451,0.00166,0.295,116.2,1
464.45,0.385,0.00204,0.171,104.3,1
494.63,0.54,0.00224,0.397,85.7,1
426.62,0.51,0.00253,0.185,113.6,1
536.11,0.437,0.00163,0.465,105.2,1
505.88,0.578,0.00277,0.667,112.6,1
539.4,0.547,0.00072,0.59,86.3,1
409.53,0.437,0.00222,0.536,81.1,1
538.03,0.416,0.00242,0.079,84.6,1
564.83,0.409,0.00093,0.8,99.4,1
469.4,0.375,0.00261,0.173,123.1,1
633.17,0.474,0.00209,0.423,90.3,1
553.32,0.492,0.0027,0.834,99.5,1
494.56,0.72,0.00216,0.388,96.2,1
464.5,0.553,0.00191,0.873,121.8,1
515.9,0.364,0.00148,0.414,97.1,1
539.74,0.607,0.00206,0.925,52.7,1
478.69,0.482,0.00186,0.344,124.1,1
458.36,0.552,0.00132,0.037,102.5,1
495.57,0.555,0.0014,0.039,80.6,1
534.5,0.443,0.00206,0.921,133.0,1
508.07,0.488,0.00217,0.28,84.5,1
422.93,0.508,0.00282,0.134,123.3,1
553.39,0.483,0.00218,0.417,85.9,1
480.31,0.449,0.00222,0.741,136.2,1
505.99,0.299,0.00226,0.159,78.3,1
477.73,0.61,0.00264,0.879,129.4,1
532.18,0.512,0.00247,0.249,67.0,1
392.33,0.56,0.00189,0.824,84.6,1
429.01,0.495,0.00209,0.372,103.5,1
474.04,0.465,0.00246,0.35,80.7,1
554.83,0.682,0.002,0.285,69.4,1
477.44,0.539,0.00084,0.857,77.3,1
454.78,0.38,0.00194,0.02,120.4,1
516.17,0.332,0.0031,0.647,102.5,1
494.75,0.492,0.00199,0.305,136.2,1
570.2,0.47,0.00157,0.349,109.0,1
499.3,0.612,0.00159,0.397,66.5,1
547.9,0.572,0.0015,0.374,67.2,1
458.8,0.39,0.00193,0.064,109.1,1
571.34,0.49,0.00225,0.711,88.1,1
532.86,0.447,0.0025,0.9,127.5,1
530.73,0.331,0.00141,0.681,82.7,1
486.9,0.356,0.00239,0.419,99.8,1
489.76,0.517,0.00183,0.19,74.8,1
494.79,0.43,0.00114,0.907,92.4,1
471.95,0.395,0.00254,0.876,68.4,1
509.5,0.541,0.00227,0.808,111.1,1
502.58,0.437,0.00181,0.089,83.6,1
449.28,0.63,0.00169,0.331,133.0,1
497.23,0.583,0.00233,0.866,81.9,1
396.03,0.38,0.00295,0.5,118.2,1
533.0,0.427,0.00195,0.854,106.4,1
521.73,0.551,0.00145,0.907,114.0,1
457.93,0.523,0.00181,0.488,66.1,1
478.8,0.454,0.00197,0.274,98.5,1
502.14,0.439,0.00205,0.764,76.9,1
558.74,0.573,0.00166,0.965,84.9,1
489.7,0.519,0.00215,0.014,118.4,1
458.52,0.67,0.00227,0.627,128.0,1
500.57,0.654,0.00185,0.384,108.7,1
474.34,0.468,0.00219,0.291,84.9,1
490.65,0.367,0.00145,0.995,135.6,1
440.78,0.68,0.0018,0.948,110.0,1
544.25,0.45,0.00211,0.131,131.9,1
493.33,0.367,0.00223,0.651,116.7,1
599.47,0.548,0.00198,0.049,124.7,1
573.6,0.495,0.00194,0.69,96.7,1
457.63,0.549,0.00146,0.153,93.4,1
476.19,0.367,0.00177,0.662,127.9,1
491.46,0.635,0.00261,0.105,128.6,1
495.12,0.451,0.00218,0.199,106.2,1
512.13,0.574,0.00167,0.703,98.1,1
496.01,0.527,0.00166,0.933,100.3,1
498.2,0.506,0.00148,0.835,61.6,1
486.16,0.45,0.00251,0.724,112.8,1
530.92,0.546,0.00218,0.296,159.4,1
477.65,0.51,0.00206,0.291,105.1,1
513.79,0.418,0.00198,0.758,91.1,1
593.7,0.556,0.00184,0.358,89.5,1
435.55,0.553,0.00216,0.815,93.9,1
520.72,0.592,0.00239,0.386,96.3,1
553.03,0.355,0.00147,0.113,71.3,1
494.23,0.467,0.00228,0.416,95.8,1
424.22,0.403,0.00186,0.38,88.6,1
492.38,0.519,0.00162,0.973,65.0,1
576.67,0.665,0.00239,0.046,113.4,1
496.83,0.587,0.00179,0.768,71.1,1
442.82,0.44,0.00274,0.338,95.9,1
423.17,0.478,0.00261,0.249,116.6,1
457.5,0.624,0.00128,0.558,125.3,1
516.7,0.497,0.00182,0.849,90.8,1
560.26,0.338,0.00252,0.241,110.5,1
515.79,0.494,0.00212,0.403,128.3,1
505.22,0.61,0.00217,0.857,79.3,1
476.24,0.516,0.00127,0.103,100.5,1
445.62,0.567,0.00222,0.604,100.0,1
468.76,0.442,0.00166,0.671,99.3,1
545.22,0.471,0.00233,0.454,104.8,1
435.37,0.449,0.00128,0.716,104.9,1
563.64,0.611,0.00208,0.83,118.0,1
540.52,0.482,0.00123,0.046,95.7,1
514.13,0.547,0.00183,0.107,68.7,1
475.28,0.459,0.00245,0.457,91.5,1
515.58,0.344,0.0024,0.927,113.0,1
534.82,0.386,0.00208,0.658,78.3,1
525.88,0.485,0.00139,0.049,100.2,1
587.75,0.424,0.00141,0.921,102.6,1
529.03,0.618,0.00197,0.387,89.6,1
416.47,0.378,0.00151,0.98,99.5,1
573.21,0.415,0.00181,0.97,150.9,1
474.41,0.516,0.00134,0.748,116.2,1
476.48,0.648,0.00251,0.936,75.8,1
477.48,0.45,0.00171,0.345,88.3,1
433.88,0.251,0.00126,0.504,59.2,1
484.88,0.417,0.00235,0.48,112.4,1
433.02,0.436,0.00128,0.841,116.5,1
478.3,0.689,0.00222,0.025,77.3,1
545.53,0.618,0.00226,0.161,131.7,1
491.34,0.574,0.00241,0.295,74.1,1
500.29,0.474,0.00209,0.868,91.4,1
493.4,0.3,0.00197,0.238,74.4,1
519.15,0.325,0.00183,0.926,128.7,1
404.7,0.663,0.00243,0.552,97.4,1
537.92,0.506,0.00137,0.87,76.1,1
553.03,0.307,0.0018,0.755,72.3,1
434.9,0.461,0.00221,0.294,49.1,1
533.36,0.636,0.00212,0.514,111.4,1
462.09,0.574,0.00175,0.584,96.3,1
498.59,0.59,0.00193,0.154,88.8,1
492.88,0.529,0.00263,0.662,88.6,1
434.91,0.508,0.00145,0.318,127.2,1
505.98,0.563,0.00254,0.416,109.9,1
478.63,0.49,0.00206,0.332,113.6,1
477.49,0.554,0.00201,0.997,75.4,1
562.93,0.248,0.00274,0.446,101.6,1
556.91,0.422,0.00109,0.683,65.1,1
452.03,0.701,0.00246,0.54,93.3,1
477.46,0.715,0.00221,0.803,82.6,1
485.89,0.51,0.00226,0.514,92.2,1
528.68,0.481,0.0026,0.007,93.3,1
568.27,0.56,0.00215,0.424,60.4,1
549.34,0.575,0.0016,0.775,47.7,1
428.28,0.311,0.00199,0.459,88.4,1
489.49,0.537,0.00284,0.558,111.9,1
467.97,0.467,0.00197,0.63,119.8,1
491.58,0.508,0.00171,0.641,78.1,1
438.19,0.386,0.00133,0.073,84.1,1
521.31,0.479,0.0021,0.087,83.5,1
505.14,0.393,0.00142,0.474,118.0,1
473.52,0.489,0.00131,0.546,122.6,1
527.02,0.486,0.00151,0.795,60.2,1
493.74,0.404,0.0026,0.555,92.1,1
503.59,0.507,0.00149,0.947,85.8,1
472.02,0.656,0.00238,0.413,89.5,1
463.54,0.405,0.00219,0.835,112.0,1
510.84,0.559,0.0023,0.851,62.8,1
646.47,0.367,0.00139,0.291,106.1,1
520.73,0.519,0.00191,0.331,77.2,1
550.56,0.605,0.00256,0.9,116.3,1
477.39,0.6,0.00168,0.584,88.6,1
456.37,0.462,0.00179,0.005,119.3,1
500.85,0.571,0.00197,0.84,78.6,1
554.0,0.621,0.0024,0.359,84.5,1
478.37,0.619,0.00231,0.842,124.4,1
517.33,0.457,0.00162,0.886,96.2,1
517.56,0.518,0.00259,0.031,102.8,1
455.64,0.45,0.00108,0.552,76.7,1
324.19,0.401,0.00115,0.366,106.0,1
514.36,0.67,0.00196,0.465,83.5,1
449.83,0.493,0.00126,0.848,99.6,1
524.0,0.371,0.0023,0.446,120.7,1
552.48,0.72,0.00129,0.736,55.9,1
453.11,0.51,0.00211,0.063,122.7,1
489.91,0.522,0.00229,0.361,142.1,1
445.94,0.521,0.00334,0.324,116.2,1
482.6,0.384,0.00246,0.263,66.7,1
470.29,0.483,0.00173,0.653,84.3,1
530.84,0.396,0.00122,0.516,130.6,1
439.42,0.661,0.00143,0.604,101.9,1
472.65,0.499,0.0021,0.643,106.9,1
507.7,0.562,0.00148,0.118,124.2,1
511.25,0.681,0.00189,0.479,77.5,1
507.25,0.558,0.00205,0.043,96.3,1
473.46,0.474,0.0019,0.572,95.9,1
536.29,0.527,0.00254,0.599,145.6,1
491.07,0.492,0.00186,0.283,71.1,1
546.87,0.556,0.003,0.171,98.2,1
532.78,0.381,0.00226,0.182,64.4,1
478.93,0.434,0.00193,0.453,81.9,1
469.56,0.461,0.00182,0.202,106.3,1
537.64,0.409,0.00175,0.096,105.5,1
431.73,0.521,0.00285,0.503,108.5,1
542.43,0.577,0.00246,0.828,119.9,1
568.88,0.396,0.00164,0.37,80.4,1
559.15,0.533,0.00212,0.79,135.7,1
451.04,0.591,0.00195,0.697,66.2,1
521.91,0.531,0.00164,0.859,102.1,1
478.77,0.7,0.00173,0.709,107.0,1
516.1,0.373,0.00204,0.655,101.6,1
483.39,0.419,0.00181,0.652,108.8,1
497.76,0.696,0.00158,0.276,108.8,1
464.58,0.348,0.00125,0.482,118.2,1
456.39,0.593,0.00199,0.344,117.1,1
477.48,0.343,0.00245,0.748,76.8,1
426.81,0.551,0.00218,0.401,111.8,1
466.64,0.607,0.00174,0.161,70.4,1
505.02,0.498,0.00224,0.926,106.1,1
483.28,0.514,0.00204,0.038,108.0,1
392.18,0.692,0.00154,0.712,84.1,1
401.24,0.361,0.00231,0.439,74.1,1
521.85,0.64,0.00214,0.034,84.5,1
451.17,0.43,0.00204,0.036,112.1,1
500.08,0.502,0.00293,0.78,156.7,1
469.74,0.58,0.00148,0.737,87.6,1
519.75,0.518,0.0018,0.915,136.8,1
425.69,0.71,0.00189,0.195,126.9,1
559.13,0.444,0.00196,0.106,120.4,1
537.5,0.537,0.00285,0.957,88.2,1
565.21,0.371,0.00131,0.966,86.0,1
420.94,0.434,0.00206,0.459,49.1,1
435.54,0.532,0.00224,0.068,101.7,1
392.88,0.261,0.00184,0.316,87.0,1
557.93,0.467,0.00294,0.248,102.3,1
562.41,0.583,0.00209,0.931,92.8,1
453.8,0.514,0.00231,0.947,90.2,1
455.24,0.3,0.00167,0.735,100.1,1
523.72,0.451,0.00211,0.619,114.5,1
513.23,0.539,0.00266,0.663,85.6,1
435.83,0.389,0.00186,0.482,98.5,1
457.73,0.42,0.00306,0.869,96.1,1
356.02,0.517,0.00235,0.222,91.8,1
485.21,0.485,0.00217,0.541,78.3,1
449.99,0.498,0.00188,0.977,88.6,1
482.26,0.395,0.00197,0.211,97.1,1
461.26,0.457,0.00171,0.549,89.9,1
504.56,0.613,0.00164,0.499,87.5,1
519.06,0.651,0.00132,0.28,128.2,1
511.3,0.548,0.00168,0.1,93.4,1
495.42,0.573,0.00155,0.146,108.1,1
527.53,0.486,0.00211,0.5,88.3,1
597.25,0.495,0.00121,0.785,96.6,1
480.13,0.622,0.00154,0.691,91.7,1
585.23,0.568,0.0013,0.45,104.1,1
476.0,0.582,0.00092,0.258,82.8,1
525.22,0.506,0.00286,0.199,62.0,1
435.71,0.434,0.0024,0.355,131.0,1
473.17,0.398,0.00191,0.381,58.2,1
483.92,0.638,0.00219,0.808,109.6,1
463.14,0.62,0.00112,0.071,83.1,1
518.9,0.561,0.00183,0.267,115.2,1
475.55,0.437,0.00106,0.363,113.5,1
389.11,0.365,0.00173,0.023,106.6,1
489.75,0.354,0.00272,0.08,88.6,1
511.63,0.54,0.00295,0.548,116.0,1
549.6,0.517,0.00202,0.262,91.7,1
540.89,0.621,0.00232,0.247,88.7,1
485.05,0.637,0.00265,0.029,128.1,1
448.72,0.33,0.00174,0.975,120.3,1
461.41,0.48,0.00076,0.698,118.0,1
529.86,0.621,0.00152,0.564,79.1,1
429.35,0.479,0.00183,0.54,117.2,1
518.2,0.398,0.00174,0.304,111.6,1
591.91,0.5,0.00226,0.469,85.0,1
612.81,0.512,0.00254,0.009,92.5,1
462.28,0.535,0.00201,0.374,102.4,1
445.49,0.568,0.00176,0.737,107.3,1
462.49,0.562,0.00196,0.24,120.9,1
510.01,0.281,0.00227,0.285,71.6,1
495.96,0.318,0.00116,0.182,120.4,1
482.48,0.638,0.00171,0.623,89.3,1
503.77,0.518,0.00259,0.186,107.6,1
531.7,0.547,0.00183,0.233,68.5,1
534.08,0.595,0.00176,0.799,114.5,1
555.81,0.499,0.00212,0.844,82.7,1
516.2,0.49,0.00203,0.47,92.4,1
534.1,0.679,0.00238,0.122,65.8,1
504.3,0.425,0.00207,0.738,78.6,1
554.35,0.523,0.00208,0.982,75.9,1
425.47,0.526,0.00183,0.629,116.3,1
613.6,0.562,0.00162,0.639,98.0,1
533.1,0.698,0.00223,0.113,89.4,1
470.28,0.434,0.0022,0.12,114.0,1
501.63,0.487,0.00284,0.475,109.1,1
460.36,0.445,0.00225,0.091,106.2,1
415.08,0.343,0.0027,0.06,99.5,1
452.19,0.377,0.00207,0.233,90.0,1
587.56,0.48,0.00204,0.439,63.8,1
526.81,0.643,0.00183,0.899,108.4,1
446.59,0.51,0.00179,0.19,129.7,1
517.92,0.585,0.00196,0.831,84.0,1
554.62,0.435,0.00226,0.296,104.9,1
495.99,0.595,0.00271,0.379,100.1,1
503.83,0.518,0.00254,0.239,72.9,1
486.72,0.356,0.00152,0.524,95.2,1
436.69,0.502,0.00167,0.641,88.5,1
546.78,0.578,0.00287,0.13,115.5,1
523.53,0.452,0.00177,0.571,100.8,1
537.79,0.375,0.00123,0.256,95.0,1
454.44,0.602,0.00304,0.209,119.9,1
395.15,0.511,0.00279,0.061,117.3,1
389.76,0.416,0.00159,0.708,109.7,1
517.55,0.43,0.00218,0.304,101.9,1
619.53,0.413,0.00266,0.532,118.4,1
522.69,0.613,0.00201,0.179,128.0,1
499.74,0.396,0.00256,0.358,117.6,1
428.5,0.538,0.00222,0.18,91.9,1
463.03,0.553,0.00298,0.443,160.2,1
473.92,0.57,0.00244,0.372,99.0,1
504.72,0.394,0.0019,0.563,72.9,1
519.14,0.666,0.00234,0.962,93.1,1
452.41,0.533,0.00179,0.596,43.6,1
342.5,0.465,0.00186,0.222,116.0,1
506.46,0.484,0.00233,0.276,72.5,1
439.85,0.458,0.00226,0.038,94.8,1
483.18,0.543,0.00156,0.233,119.6,1
508.22,0.459,0.0011,0.734,126.3,1
485.34,0.325,0.00244,0.69,133.1,1
403.14,0.399,0.00165,0.731,90.5,1
482.06,0.481,0.00281,0.348,111.8,1
521.25,0.405,0.00268,0.227,70.2,1
461.06,0.389,0.00286,0.382,102.5,1
495.11,0.527,0.00172,0.502,97.2,1
502.94,0.532,0.00194,0.446,80.2,1
451.0,0.433,0.00207,0.394,116.3,1
514.0,0.531,0.00186,0.399,97.2,1
550.79,0.56,0.00204,0.135,89.5,1
446.13,0.458,0.00181,0.616,89.2,1
496.62,0.425,0.00278,0.323,115.1,1
519.25,0.48,0.00175,0.348,81.5,1
471.14,0.621,0.00242,0.988,102.6,1
386.75,0.297,0.00174,0.045,104.0,1
513.86,0.439,0.00141,0.853,124.0,1
512.74,0.522,0.00308,0.869,85.6,1
503.55,0.485,0.00192,0.45,90.9,1
533.89,0.51,0.00167,0.523,96.8,1
496.88,0.615,0.00197,0.699,89.0,1
565.69,0.515,0.00192,0.17,94.9,1
481.29,0.672,0.00188,0.655,95.5,1
549.53,0.505,0.00187,0.66,138.8,1
506.46,0.485,0.00249,0.231,78.6,1
399.7,0.687,0.00235,0.867,110.2,1
468.51,0.487,0.00145,0.926,99.9,1
537.35,0.51,0.00156,0.393,96.7,1
525.45,0.577,0.00158,0.236,122.5,1
558.43,0.484,0.00227,0.879,74.1,1
570.91,0.383,0.00263,0.28,104.7,1
561.76,0.674,0.00188,0.382,92.9,1
566.75,0.466,0.00175,0.24,89.8,1
576.16,0.717,0.00238,0.542,90.4,1
507.33,0.553,0.00113,0.863,90.8,1
471.69,0.646,0.00173,0.996,98.4,1
527.68,0.492,0.00302,0.317,81.8,1
386.0,0.414,0.00232,0.88,111.8,1
487.78,0.331,0.00238,0.411,85.9,1
390.89,0.582,0.00292,0.274,71.3,1
504.32,0.453,0.00234,0.612,131.1,1
493.16,0.629,0.00204,0.687,114.4,1
451.62,0.618,0.00142,0.605,103.5,1
488.56,0.406,0.00235,0.138,81.4,1
504.47,0.524,0.00201,0.27,96.5,1
429.64,0.586,0.00284,0.066,97.5,1
630.63,0.371,0.00239,0.325,82.8,1
463.69,0.52,0.00188,0.735,103.3,1
468.35,0.559,0.00137,0.594,78.8,1
399.16,0.468,0.00214,0.452,76.4,1
506.85,0.474,0.0026,0.396,99.4,1
494.06,0.373,0.0013,0.049,97.1,1
487.11,0.597,0.00168,0.461,135.3,1
439.11,0.565,0.00257,0.142,108.1,1
526.38,0.404,0.00196,0.779,90.3,1
571.36,0.441,0.00234,0.451,115.5,1
528.87,0.62,0.00192,0.455,86.9,1
499.96,0.653,0.00274,0.718,80.3,1
517.57,0.534,0.00155,0.524,105.9,1
433.97,0.618,0.00078,0.379,96.4,1
437.45,0.617,0.00255,0.66,86.5,1
559.19,0.663,0.00234,0.42,128.5,1
468.75,0.659,0.00134,0.118,109.3,1
522.8,0.55,0.00173,0.459,89.4,1
538.51,0.401,0.00303,0.238,101.5,1
451.81,0.44,0.00183,0.6,104.4,1
502.09,0.626,0.00153,0.825,82.5,1
527.0,0.517,0.00192,0.854,95.5,1
452.47,0.335,0.00166,0.049,142.9,1
472.84,0.531,0.00168,0.692,75.7,1
427.23,0.401,0.00224,0.579,119.8,1
520.09,0.482,0.00185,0.379,118.3,1
548.09,0.544,0.0016,0.135,94.8,1
486.34,0.425,0.0014,0.696,95.9,1
481.66,0.469,0.00191,0.987,72.1,1
424.02,0.516,0.00334,0.287,76.4,1
466.19,0.445,0.00039,0.354,89.7,1
544.1,0.594,0.0013,0.493,96.5,1
529.23,0.624,0.00164,0.002,46.2,1
569.28,0.521,0.00272,0.8,126.2,1
551.7,0.499,0.00168,0.638,122.2,1
533.43,0.505,0.00183,0.308,134.6,1
455.8,0.496,0.00276,0.341,101.2,1
488.92,0.363,0.00231,0.331,102.3,1
460.79,0.627,0.00277,0.646,82.0,1
430.23,0.516,0.00248,0.335,84.4,1
510.96,0.399,0.00196,0.299,62.1,1
493.18,0.414,0.00167,0.685,96.9,1
532.04,0.301,0.0012,0.28,142.1,1
640.64,0.556,0.00133,0.571,72.6,1
448.3,0.586,0.00255,0.705,74.9,1
495.0,0.523,0.0015,0.238,112.1,1
382.87,0.573,0.00209,0.112,116.6,1
518.89,0.331,0.00246,0.025,88.8,1
441.47,0.513,0.00242,0.732,142.2,1
414.52,0.474,0.00263,0.822,131.8,1
569.52,0.443,0.00254,0.459,123.8,1
486.25,0.382,0.00316,0.687,101.2,1
482.29,0.476,0.00185,0.521,101.3,1
476.58,0.427,0.00162,0.892,91.9,1
485.91,0.559,0.00193,0.441,117.3,1
521.01,0.538,0.00199,0.623,103.5,1
466.12,0.494,0.00174,0.142,114.1,1
488.46,0.422,0.00201,0.613,107.7,1
471.35,0.592,0.00239,0.675,116.5,1
513.08,0.521,0.00172,0.596,105.6,1
420.6,0.395,0.00178,0.312,73.7,1
532.48,0.356,0.00171,0.974,78.3,1
502.02,0.388,0.00262,0.92,127.0,1
445.95,0.522,0.00169,0.465,71.2,1
504.08,0.571,0.00245,0.913,78.8,1
439.61,0.597,0.00155,0.882,69.6,1
488.13,0.507,0.00154,0.461,102.9,1
540.79,0.65,0.00179,0.103,93.6,1
536.76,0.337,0.00167,0.792,125.7,1
450.46,0.479,0.0014,0.548,114.4,1
548.54,0.484,0.00151,0.591,130.9,1
511.44,0.396,0.00215,0.236,75.6,1
489.49,0.466,0.00259,0.487,89.0,1
453.34,0.439,0.00113,0.176,87.4,1
518.27,0.49,0.00271,0.771,123.2,1
457.71,0.581,0.00188,0.817,92.6,1
582.07,0.359,0.00199,0.147,99.7,1
536.42,0.599,0.00149,0.196,116.7,1
481.8,0.421,0.001,0.305,81.1,1
550.06,0.463,0.00246,0.089,98.0,1
646.43,0.515,0.00178,0.294,105.9,1
457.04,0.592,0.00274,0.821,110.2,1
437.02,0.654,0.00224,0.702,89.1,1
465.55,0.554,0.00164,0.545,113.2,1
470.34,0.403,0.00219,0.924,118.2,1
515.5,0.451,0.00274,0.134,99.5,1
508.01,0.508,0.0019,0.437,77.3,1
520.99,0.497,0.00168,0.456,83.8,1
516.49,0.368,0.00172,0.509,105.7,1
448.22,0.465,0.0018,0.605,110.1,1
414.53,0.409,0.00205,0.411,123.5,1
454.18,0.473,0.00264,0.705,96.5,1
543.42,0.575,0.0019,0.731,89.7,1
642.67,0.47,0.0021,0.078,78.0,1
516.57,0.473,0.00119,0.96,105.7,1
562.5,0.567,0.00213,0.053,83.5,1
451.86,0.644,0.00141,0.469,104.7,1
494.69,0.396,0.00287,0.289,91.2,1
610.41,0.55,0.002,0.564,67.8,1
552.44,0.543,0.00208,0.99,105.7,1
525.3,0.37,0.00195,0.506,108.1,1
524.01,0.435,0.00227,0.858,112.0,1
524.22,0.504,0.00231,0.151,123.8,1
414.24,0.56,0.00195,0.485,131.0,1
530.38,0.31,0.00188,0.145,107.0,1
526.48,0.477,0.00041,0.77,101.6,1
504.07,0.607,0.00178,0.734,89.5,1
459.67,0.619,0.00201,0.168,90.1,1
465.94,0.55,0.00198,0.533,66.6,1
443.07,0.607,0.00172,0.87,101.8,1
614.15,0.517,0.00129,0.962,109.5,1
494.08,0.474,0.00262,0.956,85.9,1
398.28,0.593,0.00228,0.267,86.0,1
559.42,0.584,0.00133,0.749,121.8,1
493.44,0.367,0.00215,0.69,117.1,1
526.84,0.614,0.00156,0.012,66.6,1
519.15,0.527,0.00167,0.283,104.7,1
503.83,0.521,0.00299,0.657,125.8,1
562.71,0.289,0.00149,0.12,76.1,1
516.36,0.459,0.0014,0.566,64.3,1
604.13,0.456,0.00187,0.467,85.6,1
565.69,0.444,0.00236,0.427,92.5,1
570.4,0.402,0.00187,0.074,110.6,1
508.33,0.403,0.00191,0.956,106.1,1
495.04,0.607,0.00085,0.61,102.4,1
525.29,0.605,0.00253,0.218,126.9,1
431.43,0.327,0.00195,0.073,90.9,1
465.77,0.467,0.001,0.149,114.2,1
426.11,0.321,0.0018,0.7,86.5,1
553.98,0.426,0.00082,0.491,95.4,1
411.28,0.575,0.00217,0.54,65.6,1
624.12,0.505,0.00224,0.567,79.1,1
543.28,0.463,0.00179,0.632,81.6,1
521.07,0.489,0.00076,0.08,89.0,1
417.45,0.543,0.00181,0.039,90.0,1
475.69,0.543,0.00164,0.631,59.8,1
486.65,0.533,0.00145,0.14,75.8,1
527.91,0.649,0.00152,0.063,87.2,1
458.5,0.478,0.00107,0.449,92.0,1
513.73,0.499,0.00283,0.043,112.1,1
566.83,0.623,0.00173,0.678,80.8,1
519.99,0.46,0.001,0.037,78.2,1
545.86,0.613,0.0009,0.046,108.0,1
492.03,0.45,0.00208,0.307,105.7,1
514.96,0.394,0.00232,0.818,123.5,1
546.02,0.573,0.00211,0.804,86.5,1
418.3,0.582,0.00275,0.324,96.6,1
564.74,0.48,0.00262,0.793,128.9,1
505.99,0.366,0.00187,0.141,108.7,1
433.52,0.578,0.00149,0.926,92.9,1
522.2,0.512,0.0024,0.778,77.5,1
557.49,0.511,0.00231,0.089,100.5,1
439.57,0.33,0.00122,0.773,118.2,1
487.96,0.436,0.00161,0.412,81.3,1
563.54,0.448,0.00231,0.5,103.0,1
566.84,0.457,0.00209,0.005,81.9,1
502.25,0.55,0.00178,0.362,98.3,1
504.35,0.376,0.00216,0.659,133.7,1
494.58,0.565,0.00222,0.969,70.9,1
469.26,0.51,0.00193,0.645,94.8,1
488.33,0.604,0.00154,0.758,131.2,1
579.1,0.544,0.00228,0.785,94.3,1
475.27,0.505,0.00263,0.593,80.4,1
484.71,0.559,0.0018,0.779,84.1,1
489.54,0.54,0.00192,0.376,59.7,1
510.34,0.611,0.00095,0.145,104.1,1
549.53,0.452,0.00179,0.72,107.0,1
408.02,0.299,0.00208,0.692,110.0,1
525.21,0.52,0.00233,0.171,82.2,1
442.16,0.674,0.0013,0.638,78.6,1
476.67,0.461,0.00297,0.086,92.7,1
536.09,0.409,0.00267,0.837,99.3,1
485.25,0.659,0.00197,0.327,85.0,1
407.42,0.399,0.00176,0.574,93.8,1
639.95,0.509,0.00255,0.769,105.6,1
560.17,0.526,0.00111,0.821,104.6,1
464.56,0.522,0.00193,0.732,98.9,1
525.37,0.483,0.0018,0.091,127.7,1
457.71,0.511,0.00171,0.747,62.2,1
554.43,0.517,0.00214,0.405,59.7,1
511.92,0.407,0.00131,0.86,106.3,1
595.54,0.591,0.00194,0.426,104.5,1
485.01,0.74,0.00114,0.788,90.6,1
590.08,0.6,0.00198,0.945,93.3,1
452.3,0.314,0.00237,0.619,112.3,1
479.39,0.546,0.00183,0.709,97.3,1
539.58,0.771,0.00202,0.478,109.8,1
561.11,0.451,0.00233,0.745,96.5,1
507.17,0.592,0.00192,0.277,130.0,1
542.42,0.536,0.00139,0.123,102.1,1
481.19,0.354,0.00159,0.621,96.6,1
537.19,0.271,0.00243,0.066,55.6,1
543.05,0.43,0.00294,0.288,120.6,1
523.18,0.487,0.00187,0.496,130.5,1
542.88,0.414,0.00171,0.97,88.1,1
474.29,0.486,0.00169,0.645,117.8,1
495.35,0.535,0.00225,0.947,89.5,1
468.35,0.419,0.0016,0.326,124.1,1
435.66,0.414,0.0023,0.304,81.8,1
559.62,0.63,0.00218,0.484,113.7,1
584.25,0.469,0.00245,0.456,105.5,1
556.96,0.696,0.0019,0.973,84.1,1
540.89,0.37,0.00186,0.238,90.0,1
542.18,0.522,0.00227,0.184,111.1,1
487.72,0.49,0.00181,0.373,116.8,1
471.14,0.485,0.00164,0.405,142.7,1
471.97,0.5,0.00158,0.004,104.6,1
490.16,0.228,0.00162,0.474,127.3,1
470.27,0.733,0.00265,0.147,96.8,1
400.08,0.413,0.00129,0.732,110.9,1
522.18,0.468,0.00159,0.402,94.6,1
529.37,0.409,0.00214,0.641,103.7,1
469.32,0.465,0.00237,0.023,93.7,1
447.28,0.474,0.0019,0.512,92.5,1
514.95,0.582,0.00105,0.908,70.6,1
481.82,0.543,0.00229,0.373,84.7,1
489.95,0.591,0.00301,0.088,94.3,1
492.48,0.393,0.0029,0.289,98.3,1
545.46,0.251,0.00105,0.14,119.6,1
481.89,0.478,0.00215,0.868,121.9,1
518.43,0.497,0.00281,0.088,91.7,1
406.6,0.619,0.00145,0.71,113.0,1
500.89,0.446,0.00219,0.554,118.0,1
590.27,0.549,0.00222,0.559,85.3,1
488.64,0.505,0.00239,0.956,100.2,1
528.56,0.402,0.0014,0.417,65.2,1
423.8,0.508,0.00201,0.277,110.1,1
518.57,0.499,0.00198,0.566,73.6,1
547.6,0.396,0.00124,0.12,104.6,1
434.77,0.49,0.00217,0.059,90.1,1
456.49,0.686,0.0022,0.273,109.0,1
